"unit_concept_id","unit_source_value"
0,"no unit"
8478,"avidity index"
8479,"centipoise"
8480,"Ehrlich unit"
8481,"EV"
8482,"pH"
8483,"counts per minute"
8484,"CD59-deficient cells"
8485,"DNR"
8486,"EOS"
8487,"anti-phosphatidylserine IgG concentration (GPS) unit"
8488,"immune status ratio"
8489,"LIV"
8490,"LPU"
8491,"LUS"
8492,"Log"
8493,"MLS"
8494,"multiple of the median"
8495,"anti-phosphatidylserine IgM concentration (MPS) unit"
8496,"femtoliter platelet mean volume"
8497,"N/A"
8498,"RES"
8499,"REV"
8500,"SAU"
8501,"SGU"
8502,"SMU"
8503,"DILS"
8504,"gram"
8505,"hour"
8506,"lytic unit 30 (number of cells to achieve 30% lysis of the target cells)"
8508,"Note"
8509,"risk"
8510,"unit"
8511,"week"
8512,"day"
8513,"dose"
8514,"% REF"
8517,"Farad"
8518,"Henry"
8519,"liter"
8520,"Molar"
8523,"ratio"
8524,"times"
8525,"titer"
8526,"Total"
8528,"year"
8529,"index"
8530,"{ref}"
8531,"DNRTNP"
8533,"Inches"
8534,"Motile"
8535,"Normal"
8538,"Uptake"
8539,"Volume"
8540,"bushel"
8541,"per minute"
8542,"anti-phosphatidylserine IgA concentration (APS) unit"
8543,"ampere"
8545,"GPS IgG"
8547,"M (anti-prothrombin IgG concentration) unit"
8548,"MPS IgM"
8549,"million"
8550,"minute"
8553,"percent of sperm with positive binding"
8554,"percent"
8555,"second"
8556,"EIA unit"
8560,"Juvenile Diabetes Foundation unit"
8561,"Of Total"
8564,"picogram"
8565,"streptozyme (STZ) agglutination titer unit"
8566,"thousand"
8567,"activity"
8568,"baseline"
8569,"pH unit"
8573,"EIA value"
8574,"G (anti-prothrombin IgG concentration) unit"
8576,"milligram"
8577,"nanometer"
8578,"of normal"
8579,"See below"
8580,"See table"
8581,"heartbeat"
8582,"centimeter"
8583,"femtoliter"
8586,"lymphocytes per 100 cells"
8587,"milliliter"
8588,"millimeter"
8589,"O.D. ratio"
8590,"O.D. unit"
8591,"Of Total H"
8593,"See report"
8596,"calculated"
8597,"inhibition"
8598,"relative"
8600,"Elisa unit"
8604,"percent mean normal"
8605,"milliosmole"
8606,"ratio unit"
8607,"Result unit"
8608,"index value"
8609,"beta-2 GPI IgA Ab unit"
8610,"beta-2 GPI IgG Ab unit"
8611,"beta-2 GPI IgM Ab unit"
8612,"IM per liter"
8613,"normal forms"
8616,"Panbio bacterial IgG and IgM unit"
8617,"square meter"
8621,"day per week"
8622,"gram per time"
8623,"log reduction"
8624,"MEG per liter"
8626,"Of Inhibition"
8628,"times average"
8629,"unit per gram"
8630,"unit per hour"
8631,"sperm motility at 60 minutes"
8632,"percent total"
8636,"gram per liter"
8637,"negative count"
8641,"poise per gram"
8644,"Seconds per CO"
8645,"unit per liter"
8646,"Volume percent"
8647,"per microliter"
8648,"percent of normal"
8649,"percent uptake"
8653,"degree Celsius"
8654,"Enzyme activity"
8655,"Farad per liter"
8656,"Low Power Field"
8659,"percent CD19+ cells"
8660,"percent in gate"
8662,"unit per 10"
8664,"astronomic unit"
8665,"nanomole of bone collagen equivalent"
8670,"EU per deciliter"
8673,"High Power Field"
8675,"milliliter per specimen"
8683,"Total creatinine"
8684,"Total hemoglobin"
8686,"cubic millimeter"
8687,"percent activity"
8688,"percent baseline"
8695,"Ehrlich unit per milliliter"
8698,"liter per minute"
8700,"Milligram per day"
8701,"nanogram per gram"
8703,"parts per billion"
8704,"picogram per cell"
8712,"erythrocytes per microliter"
8713,"gram per deciliter"
8718,"international unit"
8719,"milliunit per milliliter"
8720,"microgram per gram"
8721,"Microgram per SPEC"
8722,"microgram per time"
8723,"milligram per gram"
8724,"milligram per time"
8725,"nanogram per liter"
8728,"percent saturation"
8729,"picomole per liter"
8734,"trillion per liter"
8736,"nanomole per liter"
8737,"percent hemoglobin"
8738,"percent inhibition"
8739,"pound (US)"
8745,"femtomole per liter"
8748,"microgram per liter"
8749,"micromole per liter"
8750,"microunit per liter"
8751,"milligram per liter"
8752,"millimeter per hour"
8753,"millimole per liter"
8754,"NMIL per milliliter"
8755,"Nanometer per Liter"
8758,"Of Total Hemoglobin"
8763,"unit per milliliter"
8765,"per low powered field"
8773,"Meter per microliter"
8774,"microgram per minute"
8775,"micrometer per liter"
8776,"milligram per sample"
8779,"signal to cutoff ratio"
8783,"unit per 10 cells"
8784,"cells per microliter"
8785,"per cubic millimeter"
8786,"per high power field"
8791,"gram per 5 hours"
8792,"Kelvin per microliter"
8794,"Milligram C per Liter"
8795,"milliliter per minute"
8798,"bushel per milliliter"
8799,"copies per milliliter"
8800,"percent at 60 minutes"
8807,"gram per 24 hours"
8810,"kilounit per liter"
8815,"million per microliter"
8816,"million per milliliter"
8817,"nanogram per deciliter"
8818,"nanogram per milligram"
8820,"picogram per deciliter"
8823,"anti-phosphatidylserine IgA concentration (APS) unit per milliter"
8829,"Ehrlich unit per deciliter"
8831,"anti-phosphatidylserine IgG concentration (GPS) unit per milliliter"
8836,"anti-phosphatidylserine IgM concentration (MPS) unit per milliliter"
8837,"microgram per deciliter"
8838,"microgram per milligram"
8839,"micromole per deciliter"
8840,"milligram per deciliter"
8842,"nanogram per milliliter"
8843,"nanomole per milliliter"
8845,"picogram per milliliter"
8848,"thousand per microliter"
8849,"percent enzyme activity"
8857,"liter per 24 hours"
8859,"microgram per milliliter"
8860,"microunit per milliliter"
8861,"milligram per milliliter"
8862,"milliosmole per kilogram"
8873,"log copies per milliliter"
8875,"microequivalent per liter"
8876,"millimeter mercury column"
8881,"nanomole of bone collagen equivalent per liter"
8888,"cells per cubic millimeter"
8889,"cells per high power field"
8891,"Meter per cubic millimeter"
8903,"Kelvin per cubic millimeter"
8906,"microgram per 24 hours"
8907,"micromole per 24 hours"
8908,"milligram per 12 hours"
8909,"milligram per 24 hours"
8910,"millimole per 24 hours"
8915,"unit per gram of creatinine"
8916,"Unit per gram of Hemoglobin"
8923,"international unit per liter"
8924,"kilounit per liter class"
8927,"meter per square kilogram"
8928,"microequivalent per 24 hours"
8929,"microequivalent per kilogram"
8930,"milliliter per 24 hours"
8931,"million per cubic millimeter"
8938,"thousandth per microliter"
8950,"gram per deciliter calculated"
8953,"microgram per milliequivalent"
8954,"milligram per deciliter adult"
8955,"nanomole per second and liter"
8961,"thousand per cubic millimeter"
8967,"Gram per deciliter and percent"
8978,"Thousand per cubic millimeter4"
8979,"unit per gram of total protein"
8980,"arbitrary unit per milliliter"
8985,"international unit per milliliter"
8989,"microgram of fibrinogen equivalent unit per milliliter"
8990,"Microgram per milliliter of FEU"
8991,"milliosmole per kilogram of H20"
8992,"nanogram per deciliter per hour"
8993,"nanomole per hour and milligram"
8998,"complement activity enzyme unit"
8999,"Duplicate of UCUM Concept, do not use, use replacement from CONCEPT_RELATIONSHIP table instead"
9014,"microgram per gram of creatinine"
9015,"micromole per gram of creatinine"
9016,"microunit per gram of hemoglobin"
9017,"milligram per gram of creatinine"
9018,"millimole per gram of creatinine"
9019,"millimole per mole of creatinine"
9020,"nanogram per milliliter and hour"
9028,"milligram per deciliter calculated"
9031,"unit per billion red blood cells"
9032,"per 100 white blood cells"
9040,"milli-international unit per liter"
9046,"microgram equivalent per milliliter"
9058,"kilo-international unit per liter"
9061,"microgram per deciliter of thyroxine"
9062,"Milliliter per minute per 1.73 meter"
9063,"nanomole per millimole of creatinine"
9072,"microgram per milligram of creatinine"
9073,"micromole per millimole of creatinine"
9074,"milligram per milligram of creatinine"
9075,"milligram per millimole of creatinine"
9081,"nanogram per milliliter of trypsinogen"
9083,"unit per milliliter of red blood cells"
9084,"log international unit per milliliter"
9093,"micro-international unit per milliliter"
9096,"Log10 international units per milliliter"
9098,"milligram per deciliter of phenylalanine"
9099,"IgA phospholipid unit"
9100,"IgG phospholipid unit"
9101,"IgM phospholipid unit"
9107,"International Unit per gram of hemoglobin"
9108,"Kelvin International Units per milliliter"
9113,"nanogram per milliliter of red blood cells"
9114,"nanomole of bone collagen equivalent per millimole of creatinine"
9117,"milliliter per minute per 1.73 square meter"
9145,"nanogram per hour per milligram of total protein"
9148,"picomole per eight times 10 to the 8th red blood cells"
9154,"parts per thousand"
9155,"parts per trillion"
9156,"IgA phospholipid unit per milliliter"
9157,"IgG phospholipid unit per milliliter"
9158,"IgM phospholipid unit per milliliter"
9161,"Bethesda unit"
9163,"microunit per liter of thyroid stimulationg hormone (TSH)"
9211,"minute"
9212,"second"
9213,"Percent Per 100 WBC [Number Fraction Units]"
9214,"percent slope"
9215,"percent 0 to 3 hours"
9216,"percent abnormal"
9217,"percent basal activity"
9218,"percent binding"
9219,"percent blockade"
9220,"percent bound"
9221,"percent carboxyhemoglobin"
9222,"percent eosinophils"
9223,"percent excretion"
9224,"percent fetal erythrocytes"
9225,"percent hemoglobin A1c"
9226,"percent hemolysis"
9227,"percent of bacteria"
9228,"percent of lymphocytes"
9229,"percent of white blood cells"
9230,"percent oxygen"
9231,"percent positive"
9232,"percent sperm motility"
9233,"percent total protein"
9234,"volume percent"
9235,"per arbitrary unit"
9236,"per entity"
9237,"per total count"
9238,"per ten billion"
9239,"per trillion"
9240,"per trillion red blood cells"
9241,"per million"
9242,"per billion"
9243,"per hundred"
9244,"per 100 spermatozoa"
9245,"per deciliter"
9246,"per gram"
9247,"per gram of creatinine"
9248,"per gram of hemoglobin"
9249,"per gram of total nitrogen"
9250,"per gram of total protein"
9251,"per gram of wet tissue"
9252,"per kilogram"
9253,"per kilogram body weight"
9254,"per liter"
9255,"per square meter"
9256,"per milligram"
9257,"per milliliter"
9258,"acre (US)"
9259,"acre (British)"
9260,"arbitrary unit"
9261,"barrel"
9262,"Bodansky unit"
9263,"board foot"
9264,"thermal unit (British)"
9265,"British thermal unit at 39 degrees Fahrenheit"
9266,"british thermal unit at 59 degrees Fahrenheit"
9267,"British thermal unit at 60 degrees Fahrenheit"
9268,"thermal unit (international)"
9269,"mean British Thermal Unit"
9270,"thermochemical British Thermal Unit"
9271,"bushel (US)"
9272,"velocity of light"
9273,"nutrition label calories"
9274,"carat of gold alloys"
9275,"metric carat"
9276,"50% cell culture infectious dose"
9277,"cubic foot"
9278,"colony forming unit"
9279,"charriere french"
9280,"Gunter's chain (British)"
9281,"Gunter's chain (US)"
9282,"cicero didot's pica"
9283,"cubic inch"
9284,"circular mil"
9285,"cord (international)"
9286,"cord (US)"
9287,"cup"
9288,"cubic yard"
9289,"degree Fahrenheit"
9290,"Didot's point"
9291,"diopter"
9292,"dry pint"
9293,"dry quart"
9294,"dram (apothecary)"
9295,"dram (avoirdupois)"
9296,"drop"
9297,"dye unit"
9298,"elementary charge"
9299,"permittivity of vacuum"
9300,"fluid dram (British)"
9301,"fluid dram (US)"
9302,"focus forming unit"
9303,"fluid ounce (British)"
9304,"fluid ounce (US)"
9305,"foot (British)"
9306,"foot (international)"
9307,"foot (US)"
9308,"fathom (British)"
9309,"fathom (international)"
9310,"fathom (US)"
9311,"furlong"
9312,"Newtonian constant of gravitation"
9313,"standard acceleration of free fall"
9314,"gallon (British)"
9315,"Duplicate of UCUM Concept, do not use, use replacement from CONCEPT_RELATIONSHIP table instead"
9316,"winchester gallon"
9317,"gill (British)"
9318,"gill (US)"
9319,"grain"
9320,"planck constant"
9321,"hand"
9322,"Hounsfield unit"
9323,"horsepower"
9324,"homeopathic potency of centesimal series"
9325,"homeopathic potency of decimal series"
9326,"inch (British)"
9327,"inch (international)"
9328,"inch of water column"
9329,"inch of mercury column"
9330,"inch (US)"
9332,"international unit per deciliter"
9333,"international unit per gram"
9334,"international unit per gram of hemoglobin"
9335,"international unit per kilogram"
9338,"Boltzmann constant"
9339,"King-Armstrong unit"
9340,"knot (British)"
9341,"knot (international)"
9342,"Kunkel unit"
9343,"pound (apothecary)"
9345,"pound (troy system)"
9346,"pound force (avoirdupois)"
9347,"long hundredweight"
9348,"log10 unit per milliliter"
9349,"ligne french line"
9350,"link for Gunter's chain (British)"
9351,"link for Gunter's chain (US)"
9352,"line"
9354,"long ton (British)"
9355,"light-year"
9356,"electron mass"
9357,"proton mass"
9358,"mac lagan unit"
9359,"mesh"
9360,"metabolic equivalent"
9361,"mile (British)"
9362,"statute mile"
9363,"mile (US)"
9364,"mil (international)"
9365,"mil (US)"
9366,"minim (British)"
9367,"minim (US)"
9369,"permeability of vacuum"
9370,"nautical mile (British)"
9371,"nautical mile (international)"
9372,"ounce (apothecary)"
9373,"ounce (avoirdupois)"
9374,"ounce (troy system)"
9375,"pace"
9376,"pica"
9377,"printer's pica"
9378,"prism diopter"
9379,"plaque forming unit"
9380,"the number pi"
9381,"pied french foot"
9382,"peck (British)"
9383,"peck (US)"
9384,"point"
9385,"printer's point"
9386,"pouce french inch"
9387,"parts per million"
9388,"peripheral vascular resistance unit"
9389,"pound per sqare inch"
9390,"pint (British)"
9391,"pint (US)"
9392,"pennyweight"
9393,"quart (British)"
9394,"quart (US)"
9395,"Ramden's chain"
9396,"rod (British)"
9397,"rod (US)"
9398,"link for Ramden's chain"
9399,"Svedberg unit"
9400,"scruple"
9401,"section"
9402,"hundredweight (US)"
9403,"square foot"
9404,"square inch"
9405,"Somogyi unit"
9406,"square mile"
9407,"smoot"
9408,"square rod"
9409,"short ton (US)"
9410,"stone"
9411,"square yard"
9412,"tablespoon"
9413,"tuberculin unit"
9414,"50% tissue culture infectious dose"
9415,"Todd unit"
9416,"teaspoon"
9417,"township"
9418,"US pharmacopeia unit"
9419,"yard (British)"
9420,"yard (international)"
9421,"yard (US)"
9422,"AHG-equivalent per milliliter"
9423,"colony forming unit per milliliter"
9424,"complement Ch50 unit per milliliter"
9425,"Ehrlich unit per 100 gram"
9426,"ELISA unit per milliliter"
9427,"red blood cell count [number]"
9428,"red blood cells per microliter"
9429,"Relative Percent [General Fraction Unit]"
9430,"spermatozoa per milliliter"
9431,"tablet"
9433,"number ten"
9434,"thousand red blood cells"
9435,"thousand per liter"
9436,"thousand per milliliter"
9437,"thousand copies per milliliter"
9438,"hundred thousand"
9439,"mega-international unit"
9440,"megaequivalent per milliliter"
9441,"million per specimen"
9442,"million per liter"
9443,"hundred million"
9444,"billion per liter"
9445,"billion per milliliter"
9446,"billion per microliter"
9447,"the number ten"
9448,"year"
9449,"mean gregorian year"
9450,"mean julian year"
9451,"tropical year"
9452,"Angstrom"
9453,"are"
9454,"standard atmosphere"
9455,"technical atmosphere"
9456,"barn"
9457,"bel"
9458,"bel kilowatt"
9459,"bel millivolt"
9460,"bel sound pressure"
9461,"bel microvolt"
9462,"bel volt"
9463,"bel watt"
9464,"bar"
9465,"baud"
9466,"biot"
9467,"bit"
9468,"bit [amount of information]"
9469,"becquerel"
9470,"byte"
9471,"coulomb"
9472,"calorie"
9473,"calorie at 15 degrees Celsius"
9474,"calorie at 20 degrees Celsius"
9475,"calorie (international table)"
9476,"mean calorie"
9477,"thermochemical calorie"
9478,"candela"
9479,"centigram"
9480,"curie"
9481,"circle"
9482,"centiliter"
9483,"square centimeter"
9484,"degree"
9485,"decigram"
9486,"deciliter"
9487,"decimeter"
9488,"dyne"
9489,"equivalent"
9490,"equivalent per liter"
9491,"equivalent per milliliter"
9492,"equivalent per millimole"
9493,"equivalent per micromole"
9494,"erg"
9495,"electronvolt"
9496,"femtogram"
9497,"femtometer"
9498,"femtomole"
9499,"femtomole per gram"
9500,"femtomole per milligram"
9501,"femtomole per milliliter"
9502,"Gauss"
9503,"gram percent"
9504,"gram-meter"
9505,"gram-meter per heart beat per square meter"
9506,"gram meter per heartbeat [proportional to ventricular stroke work]"
9507,"gram-meter per heart beat"
9508,"gram per 100 gram"
9509,"gram per total weight"
9510,"gram per gram"
9511,"gram per gram of creatinine"
9512,"gram per kilogram"
9513,"gram per square meter"
9514,"gram per milliliter"
9515,"gallon (US)"
9516,"gilbert"
9517,"gram-force"
9518,"gon grade"
9519,"gray"
9520,"hectoliter"
9521,"Hertz"
9522,"joule"
9523,"kelvin"
9524,"kelvin per watt"
9525,"kilo-international unit per milliliter"
9526,"katal"
9527,"katal per kilogram"
9528,"kilocalories per ounce"
9529,"kilogram"
9530,"kilogram per liter"
9531,"kilogram per square meter"
9532,"kilogram per cubic meter"
9533,"kilogram per mole"
9534,"kilogram of wet tissue"
9535,"kiloliter"
9536,"kilometer"
9537,"kilosecond"
9538,"kilounit per gram"
9539,"kayser"
9540,"liter [volume]"
9541,"liter-square second per second"
9542,"liter per kilogram"
9543,"lumen"
9544,"lambert"
9545,"lux"
9546,"meter"
9547,"meter of water column"
9548,"meter of mercury column"
9549,"Duplicate of UCUM Concept, do not use, use replacement from CONCEPT_RELATIONSHIP table instead"
9550,"milli-international unit per milliliter"
9551,"milliequivalent"
9552,"milliequivalent per specimen"
9553,"milliequivalent per deciliter"
9554,"milliequivalent per gram"
9555,"milliequivalent per gram of creatinine"
9556,"milliequivalent per kilogram"
9557,"milliequivalent per liter"
9558,"milliequivalent per square meter"
9559,"milliequivalent per milliliter"
9560,"milligram per total volume"
9561,"milligram per volume"
9562,"milligram per kilogram"
9563,"milligram per square meter"
9564,"milligram per cubic meter"
9565,"milligram per milligram"
9566,"milligram of creatinine"
9567,"milligram of phenylketones per deciliter"
9568,"mho"
9569,"milliliter per heart beat"
9570,"milliliter per deciliter"
9571,"milliliter per kilogram"
9572,"square millimeter"
9573,"millimole"
9574,"millimole per total volume"
9575,"millimole per deciliter"
9576,"millimole per gram"
9577,"millimole per kilogram"
9578,"millimole per square meter"
9579,"millimole per mole"
9580,"month"
9581,"mean gregorian month"
9582,"mean julian month"
9583,"synodal month"
9584,"mole"
9585,"mole per kilogram"
9586,"mole per liter"
9587,"mole per cubic meter"
9588,"mole per milliliter"
9591,"milliosmole per liter"
9592,"megasecond"
9593,"millisecond"
9594,"milliunit per gram"
9595,"milliunit per gram of hemoglobin"
9596,"milliunit per milligram"
9597,"milliunit per milligram of creatinine"
9598,"maxwell"
9599,"newton"
9600,"nanogram"
9601,"nanogram per gram of creatinine"
9602,"nanogram per kilogram"
9603,"nanogram per square meter"
9604,"nanogram per milligram of protein"
9606,"nanoliter"
9607,"nanomole"
9608,"nanomole per deciliter"
9609,"nanomole per gram"
9610,"nanomole per gram of creatinine"
9611,"nanomole per milligram"
9612,"nanomole per millimole"
9613,"NanoMoles Per MilliMole Creatinine [Substance Ratio Or Substance Fraction Units]"
9614,"nanomole per mole"
9615,"neper"
9616,"nanosecond"
9617,"oersted"
9618,"ohm"
9619,"osmole"
9620,"osmole per kilogram"
9621,"osmole per liter"
9622,"poise"
9623,"pascal"
9624,"parsec"
9625,"picogram per liter"
9626,"picogram per millimeter"
9627,"phot"
9628,"picoliter"
9629,"picometer"
9630,"picomole"
9631,"picomole per deciliter"
9632,"picomole per milliliter"
9633,"picomole per micromole"
9634,"picosecond"
9635,"roentgen"
9636,"radian"
9637,"radiation absorbed dose"
9638,"radiation equivalent man"
9639,"siemens"
9640,"stilb"
9641,"sphere"
9642,"steradian"
9643,"stere"
9644,"stokes"
9645,"sievert"
9646,"tesla"
9647,"tonne"
9648,"unified atomic mass unit"
9650,"Units Per Gram Creatinine [Substance Rate Content Units]"
9651,"unit per gram of hemoglobin"
9652,"micro-international unit"
9653,"microequivalent"
9654,"microequivalent per milliliter"
9655,"microgram"
9656,"microgram per 100 gram"
9657,"microgram per specimen"
9658,"microgram per total volume"
9659,"microgram per deciliter of red blood cells"
9660,"microgram per gram dry weight"
9661,"microgram per gram of hemoglobin"
9662,"microgram per kilogram"
9663,"microgram per square meter"
9664,"microgram per nanogram"
9665,"microliter"
9666,"micrometer"
9667,"micromole"
9668,"micromole per gram"
9669,"micromole per gram of hemoglobin"
9670,"micromole per milligram"
9671,"micromole per milligram of creatinine"
9672,"micromole per minute and gram"
9673,"micromole per milliliter"
9674,"micromole per mole"
9675,"micromole per mole of creatinine"
9676,"microsecond"
9677,"volt"
9678,"watt"
9679,"Weber"
9681,"percent normal pooled plasma"
9682,"bone collagen equivalent per millimole of creatinine"
9683,"bone collagen equivalent per micromole of creatinine"
9684,"IgA Phospholipid Units Per MilliLiter [Arbitrary Concentration Units]"
9685,"IgG Phospholipid Units Per MilliLiter [Arbitrary Concentration Units]"
9686,"IgM Phospholipid Units Per MilliLiter [Arbitrary Concentration Units]"
9687,"international unit per hour"
9688,"microgram per hour per minute"
9689,"Million unit"
9690,"microgram per kilogram per hour"
9691,"milligram per kilogram per hour"
9692,"milligram per kilogram per minute"
4037633,"Unit of dietary equivalents"
4037634,"Unit of dietary exchange"
4037635,"Unit of dietary protein exchange"
4037636,"2g protein exchanges/meal"
4037637,"10g carbohydrate exchanges/meal"
4037638,"J/feed"
4037639,"MJ/kg body weight"
4037640,"ug/feed"
4037641,"L/meal"
4037642,"L/kg body weight"
4037643,"mL/kg body weight"
4037644,"oz/day"
4037645,"oz/feed"
4037646,"pints/24h"
4037647,"fl oz/24h"
4037648,"fl oz/meal"
4037649,"bottles/feed"
4037650,"mugs/day"
4037651,"alcohol units/day"
4037652,"large slices/day"
4037653,"small slices/day"
4037654,"packets/24h"
4037655,"packets/meal"
4037656,"scoops/meal"
4037657,"small slices/meal"
4037797,"Gy"
4037798,"Gy/h"
4037799,"roentgen/hour"
4037800,"cGy/h"
4037801,"uGy/min"
4037802,"mm Al"
4038004,"Unit of dietetics and nutrition"
4038005,"mg alpha-tocopherol equivalents/day"
4038006,"ug retinol equivalents/day"
4038007,"2g protein exchanges/kg body weight"
4038008,"Unit of dietary carbohydrate exchange"
4038009,"10g carbohydrate exchanges/day"
4038010,"4 millimole potassium exchanges/day"
4038011,"4 millimole potassium exchanges/meal"
4038012,"Unit of dietary energy measurement"
4038013,"J/mL"
4038014,"kcal/24h"
4038015,"MJ/day"
4038016,"kcal/feed"
4038017,"MJ/feed"
4038018,"J/kg body weight"
4038019,"IU/24h"
4038020,"g/kg body weight"
4038021,"ug/kg body weight"
4038022,"g/meal"
4038158,"mg/meal"
4038159,"ug/meal"
4038160,"mL/feed"
4038161,"mL/meal"
4038162,"oz/24h"
4038163,"oz/meal"
4038164,"pints/feed"
4038165,"fl oz/feed"
4038166,"pints/meal"
4038167,"cups/day"
4038168,"teaspoons/day"
4038169,"tablespoons/meal"
4038170,"Non-standard dietary quantity"
4038171,"packets/day"
4038173,"scoops/day"
4038174,"large pots/day"
4038175,"mmol/kg body weight"
4038176,"umol/kg body weight"
4038177,"scoops/feed"
4038189,"rad"
4038190,"rad/minute"
4038191,"ret"
4038192,"cGy"
4039902,"mins/day"
4040611,"mg alpha-tocopherol equivalents/kg body weight"
4040612,"nicotinic acid equivalents/day"
4040613,"nicotinic acid equivalents/kg body weight"
4040614,"ug retinol equivalents/kg body weight"
4040615,"2g protein exchanges/day"
4040616,"6g protein exchanges/day"
4040617,"6g protein exchanges/kg body weight"
4040749,"7g protein exchanges/kg body weight"
4040750,"10g carbohydrate exchanges/kg body weight"
4040751,"4 millimole potassium exchanges/kg body weight"
4040752,"MJ/24h"
4040753,"Unit of dietary mass measurement"
4040754,"g/feed"
4040755,"Unit of dietary volume measurement"
4040756,"L/feed"
4040757,"fl oz/day"
4040758,"bottles/24h"
4040759,"bottles/meal"
4040760,"portions/day"
4040761,"packets/feed"
4040762,"large slices/meal"
4040773,"Gy/min"
4040774,"MBq"
4040775,"uGy"
4040776,"cGy/min"
4040778,"mg Ra equivalent"
4040779,"mm Cu"
4040780,"mm Pb"
4041297,"mins/week"
4041298,"oz/week"
4041299,"bags/week"
4041831,"degrees/second"
4041833,"W/sq. cm"
4041834,"pulses/second"
4041837,"times/year"
4041838,"hours/day"
4041839,"% proof"
4044562,"GHz"
4044564,"mW"
4044566,"days/week"
4044567,"days/month"
4044568,"days/year"
4044570,"g/week"
4044572,"IU/kg body weight"
4044574,"oz/month"
4045113,"mEq/kg body weight"
4045114,"Retinol equivalents"
4045115,"7g protein exchanges/day"
4045116,"6g protein exchanges/meal"
4045117,"7g protein exchanges/meal"
4045118,"10g carbohydrate exchanges/in-between meal snack"
4045119,"Unit of dietary potassium exchange"
4045120,"kcal/mL"
4045121,"MJ/h"
4045122,"kcal/kg body weight"
4045123,"IU/feed"
4045124,"mg/feed"
4045125,"mg/kg body weight"
4045126,"pints/day"
4045127,"bottles/day"
4045128,"glasses/day"
4045129,"tablespoons/day"
4045130,"teaspoons/meal"
4045131,"Alcohol units"
4045132,"alcohol units/week"
4045133,"Non-standard dietary quantity per unit time"
4045134,"scoops/24h"
4045135,"small pots/day"
4045136,"U/week"
4045137,"Non-standard dietary quantity per meal"
4045281,"Unit of radiotherapy"
4045283,"MeV"
4045284,"roentgen/minute"
4045285,"uGy/h"
4047133,"MHz"
4047135,"kHz"
4047139,"times/month"
4047141,"hours/week"
4047142,"g/month"
4074191,"weeks/month"
4074192,"pounds (sterling) per month"
4074193,"pounds (sterling) per week"
4074613,"pounds (sterling) per day"
4075818,"pounds (sterling) per annum"
4076626,"weeks/year"
4076627,"pounds (sterling) per hour"
4078979,"platelets/L"
4079131,"dyne/s/cm5"
4079132,"g.m"
4079451,"mL/beat"
4080869,"A - ampere"
4081192,"% of total failed"
4081677,"newton"
4082174,"g.m/m2"
4082175,"mL/beat/m2"
4082924,"sq. m"
4083974,"cps"
4083976,"Non-SI unit of volume"
4083977,"mol/min"
4083978,"Non-SI unit of frequency"
4083979,"yd/s"
4084119,"Moles per unit time"
4084121,"Unit of viscosity"
4084447,"Unit of platelet analysis"
4084448,"Unit of blood corpuscle analysis"
4084449,"Unit of protein analysis"
4084450,"kIU per unit volume"
4084452,"Unit of hormone and enzyme activity"
4084453,"osmoles per unit mass"
4084454,"equivalents per unit volume"
4084455,"%w/v"
4084456,"%v/v"
4084457,"SI-derived unit of area"
4084458,"Non-SI unit of area"
4084459,"sq. yd"
4084460,"Unit of physiological rate"
4084461,"Volume per unit time per unit area"
4084578,"SI units of energy per unit time"
4084579,"Calories per unit time"
4084580,"IU/0.1mL"
4084584,"Unit of antibody assay"
4084593,"Unit of currency"
4084618,"pence"
4085095,"Unit of angular velocity"
4086062,"Btu/h"
4086063,"Unit of acceleration"
4086539,"mCi"
4086540,"pL"
4086541,"fl oz"
4086542,"ft3"
4086543,"mol/h"
4086544,"g/h"
4086545,"mol/h/mL"
4086546,"SI-derived unit of linear velocity"
4086547,"Bq"
4086566,"Unit of radiation dose rate"
4086567,"mSv"
4086568,"lux"
4086570,"SI-derived unit of catalytic concentration"
4086571,"Non-SI unit of force"
4086691,"Unit of biological and biochemical measurement"
4086702,"Unit of dry weight tissue analysis"
4086703,"Unit of microbial assay"
4086704,"Unit of blood analysis"
4086705,"Unit of erythrocyte analysis"
4086706,"Unit of semen analysis"
4086707,"IU per unit volume"
4086708,"IU per unit time"
4086711,"Volume per unit volume"
4086712,"Denominators of time"
4086715,"Units per unit volume"
4086716,"osmoles per unit volume"
4086717,"sq. in"
4086718,"kW"
4086719,"Unit of whole blood analysis"
4086720,"Moles per unit time per unit mass"
4086722,"Unit of cardiothoracic assessment"
4086728,"Dye units of enzyme or hormone activity"
4086863,"ppb"
4086864,"Unit of radioactivity"
4086865,"yd3"
4086866,"g/min"
4086867,"Non-SI unit of linear velocity"
4086868,"in/s"
4086869,"Non-SI unit of radionuclide source activity"
4086891,"Unit of electrical potential difference"
4086892,"Unit of electrical current"
4086893,"Unit of electrical resistance"
4086894,"Sv"
4087018,"rem"
4087019,"Unit of photometry and optics"
4087020,"candela"
4087021,"Unit of linear velocity"
4087022,"moles per unit volume"
4087024,"moles per unit mass"
4087025,"Mass per unit mass"
4087026,"SI Unit of enzyme catalysis"
4087027,"SI units of mass per unit time"
4087028,"SI unit of pressure"
4087029,"Non-SI unit of pressure"
4087031,"Unit of force"
4087032,"angstrom"
4087037,"Unit of blood globulin analysis"
4104765,"Unit of white blood cell analysis"
4104767,"mIU per unit volume"
4104768,"uIU per unit volume"
4104773,"General unit of biological and biochemical measurement"
4104774,"Osmolarities"
4104775,"sq. ft"
4104776,"acre"
4104777,"SI unit of power"
4104778,"Non-SI unit of power"
4104779,"Units per unit time"
4104780,"equivalents per unit time"
4104781,"Volume per unit time per unit mass"
4104782,"Mass per unit time per unit mass"
4104783,"Moles per unit time per unit area"
4104784,"Mass per unit time per unit area"
4105289,"Unit of periodicity"
4105435,"Unit of income and expenditure"
4105438,"Unit of proportional time"
4105439,"Unit of anthropometric measurement"
4105563,"pounds sterling"
4106347,"Unit of motion"
4106348,"SI-derived unit of acceleration"
4106349,"ft/s2"
4106673,"Non-SI unit of acceleration"
4106674,"Unit of density"
4106675,"g/cm3"
4107006,"Unit of fractional measurement"
4107007,"Ci"
4107008,"uCi"
4107009,"nCi"
4107010,"nanolitre"
4107011,"SI-derived unit of volume"
4107012,"pint"
4107013,"gal"
4107014,"in3"
4107016,"SI unit of frequency"
4107017,"ft/s"
4107018,"knot"
4107019,"SI unit of radionuclide source activity"
4107020,"ohm"
4107022,"kBq"
4107178,"eV"
4107179,"SI units of volume per unit time"
4107180,"SI unit of force"
4107181,"cSt"
4107182,"Unit of creatinine analysis"
4107194,"Unit of wet weight tissue analysis"
4107195,"Unit of blood factor analysis"
4107196,"Unit of cell and cast assay"
4107197,"Unit of fecal analysis"
4107199,"IU per unit mass"
4107200,"mIU per unit mass"
4107203,"Unit denominators"
4107205,"Molarities"
4107327,"Moles per unit time per unit volume"
4107328,"Unit of physiological status and assessment"
4107781,"Unit of finance"
4107782,"Photometric and radiometric quantities"
4107858,"horsepower"
4107859,"Btu"
4107860,"m/s2"
4109669,"Unit of electrical charge"
4109670,"millicoulomb"
4112118,"/hour"
4112993,"coulomb"
4113338,"ug/1000kcal"
4113339,"% energy intake from fat"
4115964,"ug/g protein"
4115967,"SI unit of mass per calorific quantity"
4116118,"/minute"
4116125,"% daily total food energy intake"
4116129,"% energy intake from protein"
4116130,"% energy intake from carbohydrate"
4116131,"% energy intake from alcohol"
4117636,"fmol/24h"
4117637,"L/h"
4117638,"mEq/day"
4117639,"amol/platelet"
4117640,"casts/LPF"
4117641,"cells/L"
4117642,"cells/uL"
4117643,"cfu/mL"
4117644,"Dye units/L"
4117645,"Ercs/uL"
4117646,"g Hb/mol Hb"
4117647,"GPL/mL"
4117648,"IU/stool"
4117649,"IU/h"
4117650,"International unit per millimole of creatinine"
4117651,"Micromole per gram of creatinine"
4117652,"umol/mL Ercs"
4117653,"Micromole per mole of creatinine"
4117654,"mg/kg stool"
4117655,"mmol/g dry weight tissue"
4117656,"mIU/mol Hb"
4117657,"Nanomole per millimole of creatinine"
4117658,"U/day"
4117659,"uU/mL"
4117660,"mU/L"
4117661,"Ercs/L"
4117662,"L/min/kg"
4117663,"pmol/h/mL"
4117664,"umol/h/g Hb"
4117665,"umol/day/kg"
4117666,"mg/day/kg"
4117667,"mL/s/sq. m"
4117668,"nmol/h/mg"
4117669,"Nanomole per hour per milligram of creatinine"
4117780,"nmol/min/mL"
4117781,"mol/s"
4117782,"mL/s"
4117783,"L/s"
4117784,"mIU"
4117786,"mIU/mL"
4117787,"IU/kg"
4117788,"bar - pressure"
4117789,"lb/sq. in"
4117790,"Unit of area"
4117791,"/10 min"
4117792,"/40"
4117793,"/day"
4117794,"/month"
4117795,"cP"
4117796,"J/hour"
4117797,"kilocalories/liter oxygen consumed/day"
4117798,"kJ/h"
4117799,"kPa/L/s"
4117800,"L/cmH2O"
4117801,"nmol/24h"
4117802,"fmol/day"
4117803,"L/day"
4117804,"L/24h"
4117805,"mL/day"
9557,"mEq/L"
4117807,"osmol/L"
4117808,"casts/uL"
4117809,"fg/platelet"
4117810,"fmol/macrophage"
4117811,"gram nitrogen/day"
4117812,"g/kL"
4117813,"IU/mL Ercs"
4117814,"International unit per mole of creatinine"
4117815,"kIU/g prot"
4117816,"kIU/L Ercs"
4117817,"Kilointernational unit per mole of creatinine"
4117818,"Microgram per gram of creatinine"
4117819,"Microgram per milligram of creatinine"
4117820,"umol/g Hb"
4117821,"mg/g Hb"
4117822,"mg/kg wet weight tissue"
4117824,"Millimole per mole of creatinine"
4117825,"pg/cell"
4117826,"umol/h/L"
4117827,"umol/h/mL"
4117828,"umol/h/mL whole blood"
4117829,"umol/min/g Hb"
4117830,"umol/min/mL"
4117831,"mL/min/sq. m"
4117832,"nmol/day/sq. m"
4117833,"breaths/min"
4117834,"nmol/s"
4117835,"fmol/s"
4117836,"mL/h"
4117838,"uIU"
4117839,"iu/ml"
4117840,"uIU/mL"
4117841,"Fraction of total barometric pressure"
4117953,"Miscellaneous unit"
4117967,"mL/24h"
4117968,"mosmol/L"
4117969,"osmol/kg"
4117970,"Arbitrary unit/liter"
4117971,"amol/Erc"
4117972,"cells/LPF"
4117973,"/30 min"
4117974,"/week"
4117975,"/year"
4117976,"diopters +"
4117977,"J/sq. cm"
4117989,"kg/sq. m"
4117990,"MPL/mL"
4117991,"International unit per gram of creatinine"
4117992,"ug/dL Ercs"
4117993,"ug/g dry weight tissue"
4117994,"umol/ejaculate"
4117995,"mol/mol Hb"
4117996,"nmol/L Ercs"
4117997,"organisms/mL"
4117998,"organisms/HPF"
4117999,"pmol/number of cells"
4118000,"U/L"
4118001,"U/hour"
4118002,"Units factor VIIIc inhibitor/mL"
4118003,"ug/day/sq. m"
4118004,"mol/day/kg"
4118005,"nmol/h/mg prot"
4118006,"nmol/h/mL"
4118123,"Unit of rate"
4118124,"beats/min"
4118125,"cm/s"
4118126,"mm/h"
4118127,"mm/s"
4118128,"kIU"
4118133,"IU/L"
4118134,"IU/day"
4118135,"kgf - kilogram-force"
4118136,"Pa"
4118137,"kPa"
4118138,"cmH2O"
4118139,"mmH2O"
4118140,"square cm"
4118141,"Unit of frequency"
4118142,"Hz"
4118143,"/24h"
4118144,"/ejaculate"
4118145,"/mL"
4118146,"cmH2O/L/s"
4118147,"dB HL"
4118148,"dB SPL"
4118150,"kJ/day"
4118151,"kilojoules/liter oxygen consumed/day"
4118152,"L/kPa"
4118153,"L/s/kPa"
4118154,"L/sq. m/min"
4118155,"mL/min"
4118156,"mL/dL"
4118157,"mEq/min"
4118159,"mosmol/kg"
4118160,"casts/HPF"
4118161,"cells/HPF"
4118162,"cells/unit area"
4118163,"cfu/g"
4118164,"cfu/L"
4118165,"Dye units/hour"
4118166,"femtomole/leukocyte"
4118167,"g Hb/dL Ercs"
4118168,"g/L hemoglobin binding capacity"
4118169,"IU/g Hb"
4118170,"Non-SI unit of concentration"
4118171,"kIU/mol Hb"
4118172,"ug/g stool"
4118173,"umol/g dry weight tissue"
4118174,"umol/g wet weight tissue"
4118175,"umol/mol Hb"
4118176,"uIU/Erc"
4118177,"uIU/g prot"
4118178,"Milligram per gram of creatinine"
4118179,"mg/g dry weight tissue"
4118302,"mg/dL haptoglobin"
4118303,"mmol/L Ercs"
4118304,"ng/g wet weight tissue"
4118305,"unit/ml"
4118306,"kU/L"
4118307,"mega u/ml"
4118308,"Sperms/mL"
4118309,"Units heparin/mL plasma"
4118311,"mL/min/kg"
4118312,"nmol/min/mg Hb"
4118313,"L/min"
4118314,"International unit measurement"
4118315,"iu"
4118318,"kIU/L"
4118319,"mIU/L"
4118320,"mIU/kg"
4118321,"Unit of pressure"
4118322,"lbf - pound-force"
8876,"mmHg"
4118324,"/12h"
4118325,"/HPF"
4118326,"/period"
4118327,"dB"
4118328,"degrees of arc"
4118329,"diopters"
4118330,"diopters -"
4118331,"prism diopters"
4118332,"ft"
4118333,"finger widths"
4118334,"gf - gram-force"
4118335,"J/day"
4118336,"kcal/day"
4118337,"kcal/h"
4119669,"km"
4119670,"ton"
4119671,"ms"
4119672,"us"
4119673,"year"
4119674,"SI unit of temperature"
4119675,"degrees F"
4119676,"Unit of amount of substance"
4119677,"mmol"
4119678,"nmol"
4119679,"Non-SI unit of amount of substance"
4119680,"colony-forming unit"
4119681,"counts"
4119682,"Fraction of total activity"
4119683,"Fraction of total Hb"
4120385,"g/1000kcal"
4120386,"mg/1000kcal"
4120599,"/second"
4120712,"OD units"
4120713,"% normal"
4120714,"% normal forms"
4120715,"% of total"
4120716,"% positive cells"
4120717,"% release"
4120718,"Unit of volume"
4120719,"microlitre"
4120720,"nkat"
4120721,"J"
4120722,"g/l"
4120723,"ng/L"
4120724,"nanogram/ml"
4120725,"pg/mL"
4120726,"umol/L"
4120727,"umol/dL"
4120728,"g/24h"
4120729,"kg/24h"
4120730,"mg/h"
4120731,"mg/day"
4120733,"mmol/min"
4120734,"nmol/h"
4120846,"mg/exchange"
4120848,"times/day"
4120849,"times/night"
4120850,"watt"
4121007,"s"
4121344,"atmosphere"
4121358,"Unit"
4121359,"um"
4121360,"in - inch"
4121361,"miles"
4121362,"Unit of mass"
4121363,"nanogram"
4121364,"pg"
4121365,"fg"
4121366,"Unit of time"
4121367,"Non-SI unit of time"
4121368,"hour"
4121369,"day"
4121370,"week"
4121371,"Unit of temperature"
4121372,"Non-SI unit of temperature"
4121373,"Eq"
4121374,"uEq"
4121376,"Dye test units"
4121377,"% activity"
4121378,"% aggregation"
4121379,"% of total cardiac output"
4121380,"% of total activity"
4121381,"% uptake"
4121382,"Arbitrary unit"
4121383,"litre"
4121384,"fL"
4121385,"kat"
4121386,"ukat"
4121387,"pkat"
4121388,"fkat"
4121389,"akat"
4121390,"Unit of energy"
4121391,"MJ"
4121392,"kJ"
4121393,"cal"
4121394,"kcal"
4121395,"g/dL"
8840,"mg/dL"
4121397,"ug/dL"
4121398,"ug/kg"
4121399,"pg/L"
4121400,"pg/dL"
4121401,"fg/L"
8753,"mmol/litre"
4121403,"umol/g"
4121404,"nmol/kg"
4121405,"pmol/L"
4121406,"fmol/kg"
4121407,"kat/L"
4121408,"nmol/g"
4121485,"Unit of electrical inductance"
4121486,"Unit of genetic analysis"
4121487,"kilobase pairs"
4121488,"rpm"
4121489,"weber"
4121524,"microgram/hour"
4121525,"ug/day"
4121526,"mmol/day"
4121527,"umol/h"
4121528,"umol/day"
4122376,"SI Unit of length"
4122377,"m"
4122378,"cm"
4122379,"mm"
4122380,"Non-SI unit of length"
4122381,"yd"
4122382,"SI unit of mass"
4122383,"kg"
4122384,"mg"
4122385,"microgram"
4122386,"oz"
4122387,"stones - unit"
4122388,"SI unit of time"
4122389,"ns"
4122390,"min"
4122391,"clockface hours"
4122392,"month"
4122393,"degrees C"
4122394,"SI unit of amount of substance"
4122395,"mol"
4122396,"micromol"
4122397,"Bethesda units"
4122398,"mEq"
4122399,"osmol"
4122400,"Fraction of total"
4122401,"% fetal cells"
4122402,"% abnormal forms"
4122403,"% oxyhemoglobin"
4122404,"% of total respiratory cycle"
4122406,"% of total protein"
4122407,"% nitrogen/L"
4122408,"dL"
4122409,"cL"
4122410,"ml"
4122411,"mkat"
4122412,"Non-SI unit of energy"
4122413,"Unit of concentration"
4122414,"mg/l"
4122415,"ug/L"
4122416,"microgram/g"
4122417,"ng/dL"
4122418,"fg/mL"
4122495,"kat/kg"
4122496,"fkat/L"
4122497,"fkat/kg"
4122498,"mmol/kg"
4122499,"umol/kg"
4122500,"kg/day"
4122501,"mg/min"
4122502,"mg/24 hours"
4122503,"mol/24h"
4122504,"mmol/h"
4122505,"mmol/exchange"
4122506,"mJ/sq. cm"
4122507,"mL/s/100mL of tissue"
4122508,"mmol/min/kPa"
4122509,"times/hour"
4122510,"Wood units"
4123517,"mmHg/mL/s"
4123518,"mmHg/sq. m"
4123519,"Ercs/100mL/s"
4123520,"Pa/cubic cm/s"
4123521,"times/week"
4123537,"% energy intake"
4124419,"Unit of length"
4124420,"dm"
4124421,"nm"
4124422,"gram"
4124423,"Non-SI unit of mass"
4124424,"tonne"
4124425,"lb"
4124426,"degrees K"
4124427,"pmol"
4124428,"fmol"
4124429,"amol"
4124430,"mosmol"
4124431,"ppm"
4124432,"cpm"
4124433,"colonies"
4124434,"Fraction of total protein"
4124435,"% aggregation/s"
4124436,"% Ercs"
4124437,"% suppression"
4124438,"% total hemoglobin"
4124440,"Units of blood"
4124441,"SI unit of catalytic amount"
4124442,"SI unit of energy"
4124443,"SI-derived unit of concentration"
4124444,"mg/ml"
4124445,"microgram/ml"
4124446,"mol/l"
4124447,"nmol/L"
4124448,"fmol/L"
4124449,"g/day"
4124450,"ug/min"
4124451,"microgram/24 hours"
4124452,"mol/day"
4124453,"mmol/24h"
4124454,"umol/24h"
4124455,"nmol/day"
4125041,"Da"
4125042,"farad"
4125043,"kilobase"
4125044,"Unit of magnetic flux"
4125713,"mEq/exchange"
4125714,"mL fetal blood cells"
4125715,"mmHg/L/s"
4125716,"seconds of arc"
4127493,"milliohm"
4127999,"Mass per unit molar quantity"
4128093,"henry"
4128094,"centimorgan"
4129501,"mg/mmol"
4136786,"Unit of electrical capacitance"
4136787,"morgan"
4136788,"torr"
4137363,"blister"
4137381,"Nanogram/square meter/minute"
4137387,"Julian date"
4137484,"mmHg.mL.beats/min"
4137536,"Millimole/millimole"
4138470,"Trillion/milliliter"
4139672,"Milliunit/kilogram"
4139838,"Unit/millimole creatinine"
4140008,"Microvolt"
4140158,"Milliliter/square meter/day"
4140469,"Unit/gram hemoglobin"
4140904,"Milliliter/square meter/hour"
4141208,"IU/dL"
4141219,"Sachet - unit of product usage"
4141370,"Microgram/millimole creatinine"
4141959,"Microhm"
4141967,"Nanogram/square meter/day"
4142114,"disc"
4142119,"Percent sodium chloride"
4142577,"Microgram elastase/gram"
4142732,"Milligram percent"
4142939,"% of total body surface"
4143089,"Milliunit/day"
4143406,"Julian day number"
4143546,"Gregorian calendar date"
4144440,"dual dose sachet"
4144442,"Unit of calendar time"
4145840,"Million/milliliter"
4145854,"Nanogram/square meter/hour"
4146151,"Micromole/millimole"
4150611,"cm/day"
4151081,"Radiation half-value thickness unit"
4151193,"Nicotinic acid equivalents"
4151194,"Unit of calorific content"
4151195,"IU per unit event"
4151228,"Non-SI unit of volume per feed"
4151231,"SI unit of mass per unit body weight"
4151977,"Energy per unit body weight"
4151995,"SI unit of volume per feed"
4151996,"SI unit of volume per meal"
4151999,"Non-SI unit of mass per unit time"
4152000,"SI unit of mass per meal"
4152001,"Non-SI unit of mass per feed"
4152004,"Molar quantity per unit body weight"
4152153,"Unit of radiation dose"
4152157,"Alpha-tocopherol equivalents"
4152298,"Non-standard dietary quantity per feed"
4152301,"Non-SI unit of volume per meal"
4152302,"SI unit of volume per unit body weight"
4152303,"SI unit of mass per feed"
4152514,"Unit of velocity"
4152515,"Unit of electrical measurement"
4153094,"Unit of USA currency"
4153095,"dollar"
4154154,"roentgen"
4154287,"Non-SI unit of volume per unit time"
4154288,"dyne"
4154289,"Non-SI unit of mass per meal"
4154604,"Unit of United Kingdom currency"
4155103,"Non-SI unit of concentration part 2"
4155841,"cent"
4156070,"% gradient"
4156071,"Unit of power"
4156072,"ng/uL"
4156073,"Non-SI unit of concentration part 1"
4156176,"SI-derived unit of rate"
4156177,"mph"
4156178,"Miscellaneous pressure-dimensioned units"
4156212,"Non-SI-derived unit of rate"
4156213,"km/h"
4158501,"Unit of energy expenditure"
4158502,"Unit of optical lens power"
4158503,"Unit of angular measurement"
4158504,"m/s"
4158505,"Unit of acoustic measurement"
4158506,"Complex SI-derived unit of rate"
4158507,"Miscellaneous rates of flow"
4160031,"Min 1"
4162386,"Min 0.1"
4164631,"Disc diameter"
4166715,"nanolitre/ml"
4166898,"ACE unit"
4167026,"ng/day"
4167221,"MBq/ml"
4167397,"Kallikrein inactivator unit/ml"
4167398,"dollars/hr"
4167854,"% hemol"
4167875,"Unit/10(10) cells"
4167884,"munit/gm Hb"
4167886,"kit"
4168344,"ml/gram"
4168357,"MPS unit"
4168508,"cm/sec/sec"
4169109,"munit/gm protein"
4169114,"% negative control"
4169284,"microlitre/ml"
4169303,"Unit of radioactivity per unit volume"
4169432,"% index"
4169452,"dollars/week"
4169604,"mcEq/L"
4169789,"IUg/g protein"
4170079,"Electrophoresis band"
4170093,"micrograms/square cm"
4170104,"kBq/mL"
4170239,"% bound"
4170243,"mg/spec"
4170258,"mg/kg/day"
4170408,"mL/min/SA"
4170419,"mg/mmol Cr"
4170749,"gm/gm creatinine"
4170769,"Packet - unit of product usage"
4171063,"dollars/min"
4171072,"ng/gm"
4171221,"GPL unit"
4171235,"gm/specimen"
4171236,"/mcL"
4171561,"dollars/year"
4172319,"nmol/sec/L"
4172323,"mcg N/dL"
4173823,"sq. mm"
4174916,"% of total lost"
4176018,"cup"
4176621,"capsule"
4177986,"Implant - unit of product usage"
4178323,"tablet"
4178796,"lozenge"
4178921,"Insert - unit of product usage"
4180120,"can"
4181295,"bag"
4185330,"dL/hr"
4185605,"Ehrlich units/24 hours"
4185610,"EIU"
4185612,"Equivalents per unit mass per unit time"
4185776,"gm-m/beat"
4185777,"gm/m2"
4185926,"IU/m2"
4185934,"IU per unit area"
4185937,"kDa"
4186050,"ampoule"
4186109,"SQ-T"
4186259,"mcg/kg/day"
4186260,"mcg/mg"
4186261,"micromol/ml"
4186262,"Microunit"
4186266,"mEq/kg/min"
4186267,"mEq/mL"
4186268,"mmol/kg/hr"
4186269,"mmol/m2"
4186270,"mU"
4186272,"Moles per unit mass per unit time"
4186273,"Moles per unit mole"
4186399,"nmol/mmol"
4186562,"Pacing beats/minute"
4186875,"Case - unit of product usage"
4186877,"Casts"
4187196,"Per low power field"
4187343,"Puff - unit of product usage"
4187883,"Ehrlich units/milliliter"
4188315,"Scoop - unit of product usage"
4188571,"Tablespoonful - unit of product usage"
4188594,"Unit of mass concentration"
4188672,"Unit of volume per unit area"
4188673,"unit/gram"
4188674,"U/m2"
4188676,"Units per unit mass"
4189167,"Ehrlich unit"
4189337,"Mass per unit volume per unit time"
4189492,"mCi/kg"
4189493,"mEq/kg/hr"
4189494,"mEq/m2"
4189495,"mL/m2"
4189497,"mU/g"
4189498,"mU/min"
4189512,"ng/mL/hr"
4190115,"Euro"
4190380,"g/5hr"
4190513,"IU/kg/hr"
4190517,"IU per unit mass per unit time"
4190519,"kg-m/m2"
8554,"Percentage unit"
4197588,"C/kg"
4208468,"Drops per minute"
4211352,"Area under the curve"
4211671,"cpy/mL"
4212194,"Mass per unit area per unit time"
4212196,"Mb"
4212208,"mg-m/beat"
4212214,"mcmol/mol"
4212217,"mEq/dL"
4212218,"mEq/kg/day"
4212220,"mg/m2/hr"
4212221,"mIU/hr"
4212222,"mL/cm H2O"
4212223,"mmol/kg/day"
4212321,"nmol/mL"
4212702,"Teaspoon - unit of product usage"
4212718,"Unit of radioactivity per unit mass"
4212719,"Unit of urobilinogen analysis"
4212720,"U/2hr"
4212721,"U/kg"
4212722,"U/kg/hr"
4212723,"Units per unit mass per unit time"
4212864,"dL/day"
4212865,"dL/min"
4212976,"ETU/mL"
4212983,"Equivalents per unit area"
4213116,"g/kg/day"
4213166,"mg/m2"
4214326,"gm-m/beat/m2"
4214517,"IU/min"
4214527,"kg-m"
4214528,"kg/hr"
4214529,"kg/min"
4214645,"mEq/hr"
4214646,"mg/m2/day"
4214647,"mL/kg/day"
4214648,"mL/kg/hr"
4214649,"mmol/dL"
4214650,"MU/m2"
4214651,"Moles per unit area"
4214665,"nmol/dL"
4215220,"tuberculin unit"
4215227,"Unit of atomic mass"
4215228,"Unit of viral analysis"
4215229,"U/kg/min"
4215230,"Units per unit area"
4216137,"pmol/g"
4218668,"Unit of compliance"
4218669,"Unit of European Union currency"
4218671,"U/dL"
4218672,"U/kg/day"
4218673,"U/min"
4218803,"vial"
4218805,"Volume per unit mass per unit time"
4221462,"apostilb"
4222837,"footcandle"
4223319,"mg/sq.m"
4223755,"Imperial gallon"
4224069,"swab"
4224556,"troland"
4225662,"Dropperful - unit of product usage"
4226094,"Glassful - unit of product usage"
4226150,"mcg/kg/hr"
4226151,"mg/kg/hr"
4226152,"mg/kg/min"
4226153,"g/kg/min"
4226259,"Inhalation - unit of product usage"
4226921,"pad"
4227799,"US gallon"
4227847,"Drop - unit of product usage"
4228325,"ng/kg/min"
4228326,"ng/kg/hr"
4228602,"MU/day"
4230598,"ug/sq.m"
4233459,"g/kg/hr"
4235089,"kg/l"
4235090,"iu/g"
4244972,"kg/m3"
4244973,"dg"
4244975,"/mm3"
4244976,"g/ml"
4244979,"Million Unit"
4245254,"1/2day"
4245255,"mg/kg"
4245256,"g/kg"
4245713,"m3/sec"
4246815,"g/actuation"
4246828,"iu/mg"
4246829,"mega u"
4246830,"mg/g"
4246831,"mg/mg"
4246832,"microgram/72 hours"
4252057,"mg/16 hours"
4252058,"mg/72 hours"
4255052,"Unit dose"
4255053,"Unit of drug administration"
4255054,"microgram/actuation"
4255055,"mg/actuation"
4255056,"unit/actuation"
4255690,"Kallikrein inactivator unit"
4262464,"m3"
4262465,"kg/sec"
4262466,"dm2"
4262467,"g/m2"
4262468,"mcg/kg/min"
4262470,"Volume per unit mass"
4265731,"% diameter reduction"
4287492,"% area reduction"
4288402,"cg"
4288403,"mm3"
4288404,"u/m3"
4288405,"Mass per unit area"
4288406,"mcg/m2"
4288407,"mEq/kg"
4288408,"ml/kg"
4302051,"% deficient"
4302059,"mg Hb/gm"
4302078,"nmol BCE"
4302203,"mg/cm2"
4302205,"% excret"
4302353,"Tot/Mech"
4302361,"A unit/mL"
4302500,"ml/ml"
4302502,"mcg/g Hb"
4302653,"dpm"
4302782,"dollars/sec"
4302813,"log10"
4302939,"APS unit"
4303089,"% vol"
4303093,"Unit of antigen assay"
4303103,"Index of refraction"
4303259,"Kcal/kg/day"
4303374,"x10(3)/mcL"
4303381,"mcg Eq/mL"
4303407,"Unit of mathematical analysis"
4303540,"Non-SI unit of energy per mass per time"
4303648,"LogIU/mL"
4303654,"thou/mcL"
4303660,"GBq/ml"
4303686,"MPL unit"
4303959,"dollars/month"
4303978,"nmol/mg Cr"
4304247,"x10(6)/mcL"
4304262,"mcg T4/dL"
4304402,"nmol/dL GF"
4304413,"Delta G"
4304416,"unit/mg"
4304429,"mmol/spec"
4304553,"mcmol/gm/yr"
4304564,"Delta OD"
4304572,"unit/square cm"
4304574,"Spray - unit of product usage"
4304586,"MoM"
4304718,"mg/dL RBC"
4304727,"APL unit/mL"
4304885,"Unit/10(10)"
4304908,"Kcal/kg/hr"
4305035,"mOsm/kg H2O"
4305036,"mcg/spec"
4305058,"Unit of bone density"
4305370,"Box - unit of product usage"
4305388,"tube"
4305534,"Units of concentraion for glomerular filtrate"
4305548,"bottle"
4305560,"% live"
4305688,"mmol/kg/min"
4305691,"dollars/unit"
4305706,"% precipitation"
4305825,"dollars/day"
4305828,"ng/kg"
4305855,"Base - unit of product usage"
4306003,"GBq"
4306184,"% inhib"
4306671,"patch"
4307864,"ng/m2"
4308638,"ng/min"
4309093,"APS unit/mL"
4310842,"mU/kg/day"
4310862,"ng/hr"
4311157,"mL/kg/min"
4311309,"MPS unit/mL"
4312905,"mU/kg/hr"
4313630,"mU/kg/min"
4313773,"ng/kg/day"
4314164,"mU/hr"
4323501,"bar"
4324753,"Pellet - unit of product usage"
4325374,"Equivalents per unit mass"
4326197,"Gum - unit of product usage"
4326331,"suppository"
4327102,"Sponge - unit of product usage"
37103740,"leech"
37103741,"teragenome copies"
37103742,"teragenome copies/ml"
37103743,"pouch"
37111523,"FEU - Fibrinogen equivalent unit"
37111524,"DDU - D-dimer unit"
37116277,"Unit of presentation"
37116278,"Tablet"
37116279,"Capsule"
37116309,"Applicator"
37116310,"Actuation"
37116311,"Barrel"
37116312,"Blister"
37116313,"Block"
37116314,"Bottle"
37116315,"Cartridge"
37116316,"Chewing gum"
37116317,"Container"
37116318,"Cylinder"
37116319,"Dressing"
37116320,"Drop"
37116321,"Film"
37116322,"Implant"
37116323,"Inhaler"
37116324,"Insert"
37116325,"Jar"
37116326,"Lozenge"
37116327,"Lyophilisate"
37116328,"Matrix"
37116329,"Pad"
37116330,"Pastille"
37116331,"Patch"
37116332,"Pen"
37116333,"Pessary"
37116334,"Pillule"
37116335,"Pipette"
37116336,"Plaster"
37116337,"Plug"
37116338,"Sachet"
37116339,"Sponge"
37116340,"Spoonful"
37116341,"Stick"
37116342,"Straw"
37116343,"Strip"
37116344,"Suppository"
37116345,"Syringe"
37116346,"Tampon"
37116347,"Thread"
37116348,"Tube"
37116349,"Vessel"
37116350,"Vial"
37117742,"Ampoule"
37117743,"Bag"
37117744,"Cachet"
37118590,"Cup"
37118591,"Pouch"
37118592,"System"
40481063,"w/w"
43021231,"mA - milliampere"
43021232,"kilovolt"
43021233,"millivolt"
43021234,"megavolt"
43021235,"volt"
44777519,"per gram (10*3 per kilogram)"
44777520,"per cubical meter"
44777521,"per second"
44777522,"meter per second"
44777523,"cubical meter per second"
44777524,"gram per cubical meter and cubical meter and second (10*-3 newton second per meter and square meter)"
44777525,"gram per meter and cubical meter and second (10*-3 newton second per meter)"
44777526,"coulomb per meter and second (ampere per meter)"
44777527,"gram per meter and square second (10*-3 pascal)"
44777528,"gram per square meter and cubical second (10*-3 pascal per second and meter)"
44777529,"scquare meter per second"
44777530,"square meter pre square second"
44777531,"cubical meter"
44777532,"gram meter (10*-3 kilogram meter)"
44777533,"gram per square second (10*-3 kilogram per square second)"
44777534,"gram per second (10*-3 kilogram per second)"
44777535,"gram per cubical meter (10*-3 kilogram per cubical meter)"
44777536,"gram per square meter (10*-3 kilogram per square meter)"
44777537,"cubical second and kelvin per square meter and gram (10*3 kelvin per watt)"
44777538,"per gram and second"
44777539,"per cubical meter and second"
44777540,"square meter gram per square second (10*-3 joule)"
44777541,"square meter gram per cubical second (10*-3 watt)"
44777542,"gram meter per second (10*-3 kilogram meter per second)"
44777543,"gram per square meter and second (10*-3 kilogram per square meter and second)"
44777544,"cubical meter second"
44777545,"cubical meter per gram (10*3 cubical meter per kilogram)"
44777546,"candela radiant per square meter (lux)"
44777547,"meter per square second"
44777549,"per square meter"
44777550,"cubical meter per gram and second (10*3 cubical meter per kg and second)"
44777551,"meter cubical meter square second per gram (10*3 cubical meter per pascal)"
44777552,"square meter gram per square second and coulomb (10*-3 volt)"
44777553,"cubical meter gram per second and square coulomb (10*-3 ohm meter)"
44777554,"coulomb per second (ampere)"
44777555,"percent calculated"
44777556,"per 24 hours"
44777557,"per hour"
44777558,"per cubic meter"
44777559,"per week"
44777560,"per year"
44777561,"arbitrary unit per liter"
44777562,"Bethesda unit per milliliter"
44777563,"fluorescence intensity unit"
44777564,"international unit per 24 hours"
44777565,"lyme index value"
44777566,"score"
44777567,"unit per 24 hours"
44777568,"unit per deciliter"
44777569,"cells per liter"
44777570,"copies per liter"
44777571,"red blood cells per high power field"
44777572,"relative to H2O"
44777573,"relative to saline"
44777574,"white blood cells per high power field"
44777575,"trillion cells per liter"
44777576,"thousand red blood cells"
44777577,"milli-international unit"
44777578,"milliunit per liter"
44777579,"thousand allergen-specific IgE antibody units per liter"
44777580,"thousand cells per liter"
44777581,"thousand copies per liter"
44777582,"milliequivalent per 24 hours"
44777583,"micro-international unit per liter"
44777584,"microunit per specimen"
44777585,"million allergen-specific IgE antibody units per liter"
44777586,"million cells per liter"
44777587,"million copies per liter"
44777588,"billion cells per liter"
44777589,"billion copies per liter"
44777590,"centimeter watercolumn"
44777591,"Decibel"
44777592,"femtogram per liter"
44777593,"gram per 12 hours"
44777594,"gram per hour"
44777595,"gram per mole"
44777596,"gram of creatinine"
44777597,"gram of hemoglobin"
44777598,"gram of total nitrate"
44777599,"gram of total protein"
44777600,"gram or wet tissue"
44777601,"katal per liter"
44777602,"kilopascal"
44777603,"liter per hour"
44777604,"liter per liter"
44777605,"log cells per millilieter"
44777606,"meter per second"
44777607,"meter per square second"
44777608,"milligram per gram dry weight"
44777609,"milligram per gram wet weight"
44777610,"milligram per hour"
44777611,"milligram per minute"
44777612,"milligram per millimole"
44777613,"milliliter per hour"
44777614,"milliliter per second"
44777615,"millimole per specimen"
44777616,"millimole per gram of wet weight"
44777617,"millimole per gram of dry weight"
44777618,"millimole per millimole"
44777619,"millimole per millimole of creatinine"
44777620,"millimole per mole of hemoglobin"
44777621,"mole per second"
44777622,"millipascal second"
44777623,"millipascal"
44777624,"nanogram per 24 hours"
44777625,"nanogram per milligram of creatinine"
44777626,"nanokatal"
44777627,"nanomole per 24 hours"
44777628,"nanomole per billion platelets"
44777629,"nanomole per hour and gram"
44777630,"nanomole per hour and liter"
44777631,"nanomole per hour and milliliter"
44777632,"nanomole per hour and milliliter red blood cells"
44777633,"nanomole per kilogram"
44777634,"nanomole per milligram of creatinine"
44777635,"nanomole per minute and milliliter"
44777636,"nanomole per mole of creatinine"
44777637,"nanomole per second"
44777638,"picogram per microiliter"
44777639,"picokatal"
44777640,"picomole per 24 hours"
44777641,"picomol per gram hemoglobin"
44777642,"picomol per hour and milligram of hemoglobin"
44777643,"picomol per kilogram"
44777644,"microgram per gram wet weight"
44777645,"microgram per hour"
44777646,"microgram per millimole of creatinine"
44777647,"microkatal"
44777648,"micromole per gram of dry weight"
44777649,"micromole per gram of wet weight"
44777650,"micromole per hour and gram of hemoglobin"
44777651,"micromole per hour and gram of protein"
44777652,"micromole per hour and liter"
44777653,"micromole per hour and milliliter"
44777654,"micromole per kilogram"
44777655,"micromole per minute"
44777656,"micromole per millimole"
44777657,"micromole per mole of hemoglobin"
44777658,"per month"
44777659,"per second"
44777660,"billion"
44777661,"trimester"
44777662,"cubic centimeter"
44777663,"milligram of fibrinogen equivalent unit per liter"
44777664,"milliliter per 12 hours"
44782527,"Microgram per liter fibrinogen equivalent unit"
44783454,"Unit of hemostatic measurement"
44783455,"Microgram per liter D-dimer unit"
44783456,"Nanogram per milliliter fibrinogen equivalent unit"
44783458,"Nanogram per milliliter D-dimer unit"
44783461,"Milligram per liter fibrinogen equivalent unit"
44783463,"Milligram per liter D-dimer unit"
44783470,"Microgram per milliliter fibrinogen equivalent unit"
44783472,"Microgram per milliliter D-dimer unit"
44783988,"Ehrlich units per deciliter"
44784127,"ug/2 hours"
44802458,"5 millilitre medicine spoonful - unit of product usage"
44819154,"millicurie"
45744809,"Actuation"
45744810,"bioequivalent allergenic unit"
45744811,"allergenic unit"
45744812,"cells"
45744813,"clinical unit"
45744814,"limit of flocculation unit"
45744815,"bacteria"
45744816,"protein nitrogen unit"
45756913,"component"
45756914,"mega u/ml"
45756915,"g/dose"
45756916,"mg/dose"
45756917,"microgram/dose"
45756918,"unit/dose"
45756919,"application"
45756920,"g/application"
45756921,"mg/application"
45756922,"tuberculin units/ML"
45756923,"cigarette"
45756924,"gram/gram"
45756925,"month supply"
45756926,"week supply"
45756927,"SQ-T"
45756928,"HEP"
45756929,"Cell"
45756930,"cell/microlitre"
45756931,"insert"
45756932,"film"
45756933,"drop"
45756934,"unit/drop"
45756935,"no value"
45756936,"%w/w"
45756937,"%v/w"
45756938,"ml/l"
45756939,"molar"
45756940,"obsolete-mM"
45756941,"mmol/ml"
45756942,"unit"
45756943,"baguette"
45756944,"carton"
45756945,"cartridge"
45756946,"cycle"
45756947,"cylinder"
45756948,"dose"
45756949,"lancet"
45756950,"loaf"
45756951,"multipack"
45756952,"nebule"
45756953,"needle"
45756954,"pack"
45756955,"pastille"
45756956,"pessary"
45756957,"pre-filled disposable injection"
45756958,"device"
45756959,"roll"
45756960,"sachet"
45756961,"stocking"
45756962,"strip"
45756963,"syringe"
45756964,"unit dose"
45756965,"catheter"
45756966,"dressing"
45756967,"suture"
45756968,"truss"
45756969,"plaster"
45756970,"applicator"
45756971,"pot"
45756972,"pizza base"
45756973,"piece"
45756974,"glove"
45756975,"pillule"
45756976,"actuation"
45756977,"spoonful"
45756978,"enema"
45756979,"mg/square cm"
45756980,"container"
45756981,"microlitre/g"
45756982,"larva"
45756983,"kBq/ml"
45756984,"generator"
45756985,"system"
45756986,"bandage"
45756987,"straw"
45756988,"%v/v"
45756989,"%w/v"
45756990,"g/ml"
45756991,"iu/g"
45756992,"iu/mg"
45756993,"kg/l"
45756994,"mega u"
45756995,"mg/16 hours"
45756996,"mg/72 hours"
45756997,"mg/g"
45756998,"mg/kg"
45756999,"mg/mg"
45757000,"microgram/72 hours"
45757001,"ml/kg"
45757002,"ml/ml"
45757003,"unit/gram"
45757004,"unit/mg"
45757005,"ampoule"
45757006,"capsule"
45757007,"enema"
45757008,"lozenge"
45757009,"patch"
45757010,"suppository"
45757011,"tablet"
45757012,"tube"
45757013,"vial"
45757014,"microgram/actuation"
45757015,"mg/actuation"
45757016,"swab"
45757017,"bag"
45757018,"bottle"
45757019,"disc"
45757020,"blister"
45757021,"bar"
45757022,"dual dose sachet"
45757023,"g/actuation"
45757024,"unit/actuation"
45757025,"micrograms/square cm"
45757026,"kit"
45757027,"component"
45757028,"micromol/ml"
45757029,"microlitre/ml"
45757030,"nanolitre/ml"
45757031,"unit/square cm"
45757032,"can"
45757033,"ml/gram"
45757034,"GBq"
45757035,"GBq/ml"
45757036,"MBq/ml"
45757037,"mol/l"
45757038,"cup"
45757506,"Applicator - unit of product usage"
45757509,"Applicatorful - unit of product usage"
45757510,"Squirt - unit of product usage"
45757512,"Strip - unit of product usage"
45757513,"Package - unit of product usage"
45757514,"Stick - unit of product usage"
45757515,"Wafer - unit of product usage"
45757516,"mGy"
45757548,"Milligram of phenytoin sodium equivalents"
45757552,"Log copies/mL"
45757634,"Kilodyne per square centimeter"
45757636,"APL unit"
45757637,"Pump - unit of product usage"
45763928,"Vaginal suppository - unit of product usage"
45763929,"Pastille - unit of product usage"
45763930,"Prefilled syringe - unit of product usage"
45763931,"Tampon - unit of product usage"
45763932,"Dressing - unit of product usage"
45763933,"Sublingual tablet - unit of product usage"
45763934,"Rectal capsule - unit of product usage"
45763935,"Rectal tablet - unit of product usage"
45763936,"Vaginal tablet - unit of product usage"
45763937,"Vaginal capsule - unit of product usage"
45770930,"Bethesda units/milliliter"
45890995,"Million unit per liter"
45890996,"gram per dose"
45890997,"milligram per dose"
45890998,"microgram per dose"
45890999,"unit per dose"
45891000,"application"
45891001,"gram per application"
45891002,"milligram per application"
45891003,"tuberculin unit per milliliter"
45891004,"month supply"
45891005,"week supply"
45891006,"unit per drop"
45891007,"Megabecquerel"
45891008,"kilobecquerel"
45891009,"weight percent volume"
45891010,"volume percent volume"
45891011,"weight percent weight"
45891012,"volume percent weight"
45891013,"milliliter per liter"
45891014,"millimole per milliliter"
45891015,"microgram per actuation"
45891016,"milligram per actuation"
45891017,"unit per actuation"
45891018,"gram per actuation"
45891019,"international unit per milligram"
45891020,"Duplicate of UCUM Concept, do not use, use replacement from CONCEPT_RELATIONSHIP table instead"
45891021,"milligram per 16 hours"
45891022,"milligram per 72 hours"
45891023,"microgram per 72 hours"
45891024,"Kallikrein inactivator unit"
45891025,"nanoliter per milliliter"
45891026,"Kallikrein inactivator unit per milliliter"
45891027,"microgram per square centimeter"
45891028,"Gigabecquerel per milliliter"
45891029,"microliter per milliliter"
45891030,"unit per milligram"
45891031,"Gigabecquerel"
45891032,"Megabecquerel per milliliter"
45891033,"milliliter per milliliter"
45891034,"unit per square centimeter"
45891035,"milliliter per gram"
45891036,"milligram per square centimeter"
45891037,"microliter per gram"
45891038,"kilobecquerel per milliliter"
45956701,"gram per cubical centimeter"
46270335,"Lymphs/uL"
46270336,"Thousand unit"
46270346,"Ten unit"
46270463,"times/morning"
46273486,"White blood cells per high power field"
46274038,"Red blood cells per high power field"
8961,"10*3/mm3"
8961,"1000/mm3"
9667,"umol"
8503,"{DILS}"
8503,"DILS"
8503,"dils"
8503,"{dils}"
9218,"% binding inhib"
8528,"years"
8606,"ration"
4124422,"g"
4211671,"cpy/mL"
4186260,"mcg/mg"
8712,"{ery}/uL"
8712,"Ery/uL"
8713,"G/Dl"
8713,"g/dL"
8713,"gdl"
8713,"gms/dl"
8713,"G/DL"
8713,"GMDL"
8713,"g/dl"
8713,"gm/dl"
8718,"[iU]"
8718,"internationalunit"
8718,"international_unit"
8718,"iu"
8718,"IU"
9225,"%A1C"
8540,"BU"
8540,"bu"
4124425,"pounds"
4124425,"lbs"
4124425,"lb"
4122378,"cm"
9483,"cm2"
4122379,"mm"
4124427,"pmol/8x10*8{RBC}"
4124427,"pmol/L"
9484,"degrees"
45756942,"units"
45756942,"U"
45756942,"Units"
45756942,"UNITS"
4303374,"10E3MCL"
4303374,"x10(3)/mcL"
4303374,"1000/mcL"
4303374,"THO/MCL"
4303374,"thou/mcl"
4303374,"thous/mcl"
4303374,"x10'3/mcL"
4303374,"x103/mcL"
4303374,"10(3)/mcL"
4303374,"10^3/mcL"
4303374,"x10^3/mcl"
8719,"mIU/mL"
8719,"mU/mL"
8720,"ug/g"
8720,"mcg/g"
8720,"mcg/gm"
9234,"%{vol}"
8723,"mg/g alb"
8723,"mg/g"
8723,"mg/gm"
4121364,"pg"
4121364,"PG"
8725,"ng/L"
4122390,"min"
4124438,"% of total Hgb"
4120599,"s"
8729,"pmol/L"
8985,"IU/mL"
8985,"IU/ml"
8985,"[iU]/mL"
4122393,"C"
4122393,"DegC"
4117786,"m[IU]/mL"
4117786,"m[IU]/L"
4117786,"MIUML"
4117786,"mIU/mL"
4117786,"mU/mL"
4121370,"weeks"
4121370,"wk"
9243,"/100"
4124444,"mg/mL"
8989,"mcg/mL FEU"
4124445,"ug/mL"
8478,"AI"
8478,"ai"
8478,"{ai}"
8481,"EV"
8481,"ev"
8481,"{ev}"
8489,"LIV"
8489,"liv"
8489,"{LIV}"
8489,"{liv}"
8734,"10*12/L"
8734,"10E12/L"
8734,"x10^12/L"
8990,"ug/mL FEU"
9246,"pgm"
9502,"G"
9502,"g"
8479,"cP"
8991,"mOsm/kg H2O"
9503,"g%"
4186399,"nmol/mmol{creat}"
4124447,"nmol/L"
4302078,"nmol_BCE"
4302078,"nM_BCE"
4302078,"nmol BCE"
8480,"[EU]"
8736,"mmol/L"
8736,"NMOL/L"
8736,"nmol/l"
8736,"nmol/L"
4303648,"Log IU/mL"
4303648,"log10_IU/mL"
4303648,"logIU/mL"
4303648,"log_IU/mL"
4303381,"mcg/ml_FEU"
8737,"%{of'HGB}"
8737,"%Hb"
8737,"%Hgb"
8737,"%_HGB"
4118305,"U/mL"
4118305,"U/ML"
8482,"pH"
8629,"u/g"
8629,"U/g"
8738,"% inhibit"
4118306,"kU/L"
8483,"counts per minute"
8739,"ounces"
8739,"lb"
8739,"[lb_us]"
4117795,"cP"
4124451,"ug/24 hr"
4124453,"mmol/(24.h)"
4124453,"mmol/24 h"
8998,"CAE Units"
8998,"CAE"
4121382,"[arb'U]/mL"
4121382,"[arb'U]"
8488,"{ISR}"
8488,"ISR"
4121384,"FL"
4121384,"fL"
4121384,"fl"
4122410,"mL"
8748,"ug/L"
8748,"mcg/L"
8748,"ug/l"
8749,"umol/l"
8749,"UMOL/L"
8749,"mcmol/L"
8749,"uMol/L"
8749,"umol/L"
8494,"MoM"
4246830,"mg/g{creat}"
9557,"MEQL"
4118318,"k[IU]/L"
4122414,"mg/L"
4122414,"MGL"
8751,"mg/l"
8751,"mg/L"
8751,"mg/L"
4246831,"mg/mg{creat}"
4118319,"mIU/L"
4122415,"ug/L"
4122415,"ug/L{DDU}"
8752,"mm/h"
8752,"MMHR"
8752,"mm/hr"
8753,"mmol/l"
8753,"mmo/L"
8753,"mmoI/L"
8753,"mmol/LL"
8753,"mMOL/L"
8753,"mMoL/L"
8753,"mmol/L"
8753,"mMol/L"
8758,"[{of'tot'HGB}]"
8758,"{of'tot'HGB}"
8758,"of'tot'HGB"
8758,"%_of_total_Hgb"
4122417,"ng/dL"
8876,"mm Hg"
8876,"mmHg"
8876,"MM HG"
8876,"mm[Hg]"
4121395,"gm/dL"
4121395,"GM/DL"
4121395,"g/dL (calc)"
4121395,"g/dL"
4121395,"gm/dl"
4121395,"G/DL"
8500,"SAU"
8840,"mg/dl"
8840,"MGDL"
8840,"mg/dL (calc)"
8840,"MG/d/L"
8840,"MG/DL"
8840,"mg/dL"
8840,"MG/dL"
8501,"SGU"
4118325,"/[HPF]"
4118325,"/HPF"
4118325,"/hpf"
4121397,"mcg/dl"
4121397,"ug/dL"
4121397,"mcg/dL (calc)"
4121397,"mcg/dL"
8502,"SMU"
9014,"mcg/mg creat"
9014,"mcg/mg creatinine"
4190519,"kg/m*m"
8504,"grams"
8504,"G_units"
8504,"g"
8504,"gm"
8505,"h"
8505,"H"
8505,"hr(s)"
8505,"hr"
9017,"mg/g creat"
9017,"mg/gCR"
9017,"mg/g_Cre"
9017,"mg/g_creat"
9017,"mg/g_crt"
9529,"kg"
9529,"KG"
9018,"mmol/g creat"
4117818,"mcg/g creat"
8753,"mmol/l"
8753,"mmol/L"
8753,"MMOLL"
8753,"MMOL/L"
8763,"U/mL"
8763,"[U]/mL"
8763,"u/ml"
9531,"kg/m2"
9020,"ng/mL/h"
9020,"ng/mL/hr"
9020,"NGMLHR"
4118332,"ft"
8765,"/[LPF]"
8765,"/LPF"
8765,"/lpf"
8510,"[U]"
8511,"week"
8511,"wks"
8518,"H"
8518,"h"
8774,"ug/min"
8774,"mcg/min"
8774,"mcg/mins"
8773,"m/uL"
8773,"M/uL"
8519,"L"
9032,"/100 WBC"
9032,"/100.{WBC}"
9032,"%WBC"
4189512,"ng/mL/h"
4189512,"ng/mL{FEU}"
4189512,"ng/mL"
9289,"F"
9289,"[degF]"
9289,"Fahrenheit"
9289,"degrees"
8523,"RATIO"
8523,"Ratio"
8523,"ratio"
8523,"{ratio}"
8779,"s/co ratio"
8779,"s/coratio"
8779,"s/co_ratio"
8525,"TITER"
8525,"Titer"
8525,"titer"
9550,"mIU/mL"
9550,"mlU/ml"
9550,"10*-3.[iU]/mL"
4117839,"[IU]/mL"
4117839,"IU/ML"
4117839,"IU/mL"
4117839,"InU/mL"
4117839,"IUML"
8784,"wbc/ul"
8784,"{Cells}/uL"
8784,"{cells}/uL"
8784,"cells/ul"
8784,"Cells/mcL"
4117840,"uIU/mL"
4117840,"u[IU]/mL"
8529,"Index"
8529,"index"
8785,"/MM3"
8786,"/HPF"
8786,"/hpf"
8786,"/[HPF]"
44777555,"% (calc)"
44777555,"%_(calc)"
44777555,"% baseline"
44777531,"m3"
4305036,"mcg/spec"
4305035,"mOsm/Kg_H2O"
4304553,"mcmol/gm_Cr"
4136788,"TORR"
8533,"in"
8533,"inch"
8533,"inches"
9557,"mEQ/L"
9557,"10*-3.eq/L"
9557,"mEq/L"
8791,"g/5hr"
4304727,"APL U/mL"
8792,"K/mcl"
8792,"K/uL*10^3"
9561,"mg/{vol}"
9562,"mg/kg"
8795,"ML/MIN"
8795,"mL/min"
8541,"per minute"
8541,"/min"
8541,"inches"
9565,"mg/mg"
44777565,"Lyme Index Value"
8542,"APS IgA"
8542,"APS_IgA"
8542,"[APS'U]c"
44777566,"Score"
8543,"A"
8799,"Copies/mL"
8799,"copies/ml"
8799,"copy/ml"
8799,"copy/mL"
8799,"copies/mL"
8799,"cop/mL"
44777568,"[U]/dL"
8545,"GPS IgG"
8545,"GPS_IgG"
8545,"[{GPS'IgG}]"
8545,"GPS'IgG"
4212321,"nmol/mL"
9570,"mL/dL"
8548,"MPS IgM"
8548,"MPS_IgM"
8548,"[{MPS'IgM}]"
9573,"mmol"
8550,"MIN"
8549,"10*6"
8549,10E6
8549,"million"
8549,"X10(6)"
8549,"x10-6"
8549,"x10E6"
8549,"X10^6"
8550,"Minutes"
8550,"min"
8550,"Min"
9062,"mL/min/1.73"
8807,"g/(24.h)"
8807,"g/24hr"
8807,"g/24 h"
8807,"g/24_h"
8807,"g/day"
8807,"gm/24hr"
8807,"gm/day"
8554,"percent"
8554,"PERCENT"
8554,"%"
8554,"X10E+09/L"
8810,"10*3.[U]/L"
8810,"kU/L"
44777578,"mU/ml"
44777578,"mIU/L"
8555,"seconds"
8555,"S"
8555,"SEC"
8555,"SECS"
8555,"Seconds"
8555,"s"
8555,"sec"
8556,"EIA Units"
8556,"EIA_Units"
8566,"10*3"
8566,"#10^3"
8566,"10^3"
8566,"THOUS"
8566,"thousands"
8566,"X10(3)"
8566,"X10-3"
8566,"x1000"
8566,1000
8566,"x10E3"
8566,10E3
8566,x10^3
4118124,bpm
4118124,beats/min
4118125,cm/sec
44777582,mEq/24hr
44783470,mcg/mL FEU
4118126,mm/h
8815,million/ul
8815,10*6/uL
8815,M/mcl
8815,10X6/uL
8815,x10E6/uL
8815,Million/uL
8815,10-6/ul
8815,10/6/ul
8815,106/ul
8815,10e6/UL
8815,10X6ul
8815,10^6/ul
8815,10^6micl
8815,miL/uL
8815,mill/mcl
8815,x10*6/UL
8815,x106/ul
8815,x10^6/UL
8815,x10^E6/uL
8560,JDF units
8816,Million/uL
8816,mil/mL
8816,million/mL
8816,x10e6/ml
45757552,Log copies/mL
45757552,log_copies/mL
45757552,Log cps/mL
45757552,{Log_copies}/mL
45757552,{copies}/mL
8818,ng/mg
8817,NG/DL
8817,ng/dL
8817,ng/dl
9330,[in_us]
8492,log
8487,GPS
8506,u3
9330,Inches
9330,inches
9586,umol/L
9586,nmol/L
8564,pg
8564,PG
8820,pg/dL
44783988,{Ehrlich'U}/dL
4118133,IU/L
4118133,[IU]/L
4304247,x10(6)/mcL
4304247,10(6)/mcL
4304247,mil/mcL
4304247,mill/mcL
4304247,x10'6/mcL
4304247,x10^6/mc/L
4304247,x10^6/mcL
4304247,10E6MCL
8569,pH units
8569,pHunits
8569,[{pH'U}]
8569,pH'U
8569,{pH'U}
9593,ms
8573,EIA Value
8573,EIA_value
8573,[{EIA'value}]
8573,{EIA'value}
8573,EIA'value
8589,OD_ratio
8589,odratio
8589,[OD'ratio]
8589,OD'ratio
8590,[OD'U]
8590,od
8590,O.D
8590,O.D.
8590,O.D._Unit
8590,OD
8576,mg
8577,nM
8577,nm
4118145,mL
4119681,COUNTED
8837,ug/dl
8837,mcg/dL
8837,ug/dL
8837,MCGDL
8837,ug/d
9093,mcIU/ml
9093,10*-6.[iU]/mL
9093,mcInU/mL
9093,mcIU/mL
9093,uIU/ML
44777605,Log (cells/mL)
8582,cms
8582,cm
8838,ug/mg
44777606,m/s
4122502,mg/(24.h)
4122502,mcg/24 h
4122502,mg/24 hr
4122502,mg/24 h
4122502,mcg/24H
8583,fL
8583,FL
8583,fl
8839,umol/dL
8840,mg/dl
8840,MG/DL
8840,mg_dl
8840,mg/dL
9096,log10 IU/mL
4120713,% normal
8842,ng/mL
8842,ng/ml
8842,NG/ML
4117642,cells/ul
4117642,cells/uL
8587,ML
8587,mL
9099,[APL'U]
4118155,mL/min/{1.73_m2}
4118155,mL/min
8588,mm
9100,[GPL'U]
9100,GPL
9612,nmol/mmol
8845,pg/mL
8845,pg/ml
8845,PG/ML
9101,[MPL'U]
9101,MPL
4117647,GPL U/mL
4118159,mosm/kg
4118159,MOSM/KG
4118159,mOsm/kg
8848,10X3/uL
8848,K/uL
8848,x10E3/uL
8848,10*3/uL
8848,Thousand/uL
8848,thous/ul
8848,10'3/uL
8848,10*3/u/L
8848,10-3/ul
8848,10/3/uL
8848,1000/uL
8848,103/microliter
8848,103/u
8848,103/u/L
8848,103/uL
8848,10e3/ul
8848,10E3uL
8848,10^3/mcl
8848,10^3/microL
8848,10^3/UL
8848,10^3U/L
8848,10^3uL
8848,K/uL10^3
8848,THOU/u
8848,THOU/uL
8848,THS/uL
8848,x10'3/microL
8848,x10(3)/uL
8848,x10*3/ul
8848,x1000/ul
8848,x103/uL
8848,x103E/uL
8848,x103u/L
8848,x10E3/ull
8848,x10E3uL
8848,x10x3uL
8848,x10^3/microl
8848,X10^3/microll
8848,x10^3/uL
8848,x10^3UL
8848,x10^E3/uL
8848,xe3/ul
8848,x^103/microL
4120722,g/L
4288403,mm3
4120723,ng/L
8596,(calc)
8596,calc
8596,CALCULATED
4120724,ng/mL
4120724,NG/ML
4120724,ng/ml
4120725,pg/mL
4120725,pg/ml
4120725,PG/ML
4120726,umol/L
8600,[ELU]
8600,EU
4120728,g/(24.h)
4120728,g/24 h
8859,ug/ml
8859,mcg/mL
8859,ug/mL
8859,ucg/mL
9628,PL
8861,mg/mL
9117,mL/min/1.73 m2
9117,mL/min/1.73m2
9117,mL/min/1.73.m2
9117,mL/min/1.73
9373,ounces
8606,ratio units
8862,mOsm/kg
8862,mos/kg
8862,mosm/kg
8862,mOsm/Kg
8862,mosm/k
45756922,units/mL
45756922,Units/mL
8608,RIV
8608,IV
8608,[{index'value}]
8608,index'value
8608,{index'value}
8608,index_value
8608,indexvalue
8608,INDEX_VALUE
9632,pmol/ml
9632,pmol/mL
8609,GPI IgA units
8609,SAU
8610,GPI IgG units
8610,SGU
4118178,mg/ g creatinine
8611,SMU
8611,GPI IgM units
44777635,nmol/min/mL
8554,%
44777638,pg/uL
9639,s
8617,m2
8617,sq.m
8617,sq.m.
8617,sq._M.
8617,sq._M
8617,sq_m
8617,sqm
45744811,AU/ml
45744812,Cells Counted
45744812,Cells
8876,millimeter mercury column
8876,mmHg
8876,mmHG
8876,mm Hg
8876,mm hg
8876,mm[Hg]
9388,PRU
8624,meg/L
9648,U
9648,units
4121525,ug/(24.h)
8632,% Total
8632,%Total
8891,M/MM3
8636,U/L
8636,g/L
8636,gm/L
8637,negative
8637,[neg'count]
8637,neg'count
8637,neg_count
44777663,mg/L FEU
9665,ul
9665,/uL
9156,APL
45757636,[APL'U]
8645,u/l
8645,U/L
8645,UNITL
8645,Units/L
8645,[U]/L
9158,MPL U/mL
8655,F/L
8655,f/l
8673,high
8647,/ul
8686,mm3
8686,mm^3
8686,/CUMM
8695,[EU]/mL
8695,EU/mL
8647,/UL
8647,/uL
8903,K/MM3
8906,ug/day
8906,mg/day
8907,umol/day
8909,mg/24hr
8910,mmol/24hr
4117967,mL/24 h
9426,EU/dl
8916,U/gHGB
9428,rbc/ul
4117972,/[LPF]
4171221,GPL
8664,AU
8923,[iU]/L
8923,IU/L
8931,10*6/mm3
9444,10*9/L
9444,x_10E9/L
4171236,/mcl
4117989,kg/m2
9448,yr
8504,gms
8752,mm/hr(s)
4212719,E.U./dL
4244975,/MM3
8653,Degree_C
4118000,U/L
8950,g/dL (calc)
8698,L/min
8698,L/MIN
9211,minute(s)
8700,mg/24h
8700,MG/24_HR
8703,[ppb]
8703,ppb
8700,mg/day
8700,mg/d
9212,second(s)
9213,/100WBC
8526,total_#
8526,{tot}
8526,total
44777622,mPa.s
44777590,cm[H2O]
44777590,CM/H2O
44777590,cm_h20
44777588,10*9.{cellls}/L
44777588,10x9cells/L
44777586,"/100,000_cells"
44777586,"10*6.{cells}/L"
44777563,"[FiU]"
44777563,"fiu"
44777563,"FIU"
8545,"10^6"
8545,"GPS_IgG"
8590,"O.D."
8617,"sq.m."
8617,"sq._M."
8645,"UL/L"
8647,"10/UL"
8655,"f/l"
8673,"high"
8686,"/CUMM"
8686,"mm^3"
8695,"EU/mL"
8700,"mg/24h"
8700,"MG/24_HR"
8703,"ppb"
8712,"Ery/uL"
8713,"gdl"
8713,"gms/dl"
8718,"international"
8718,"IU"
8719,"Mil/MM"
8734,"10E12/L"
8734,"x10^12/L"
8737,"%Hgb"
8737,"%_HGB"
8751,"mg/L_"
8751,"mmgl/L"
8753,"mmo/L"
8753,"mmoI/L"
8753,"mmol/LL"
8758,"%_of_total_Hgb"
8773,"M/uL"
8774,"mcg/mins"
8779,"s/coratio"
8779,"s/co_ratio"
8784,"cells/uL"
8799,"cop/mL"
8807,"g/24_h"
8807,"g/day"
8807,"gm/24hr"
8807,"gm/day"
8816,"mil/mL"
8816,"million/mL"
8816,"x10e6/ml"
8818,"ng/mg"
8837,"ug/dL"
8839,"umol/d"
8840,"mg_dl"
8845,"pcg/ml"
8859,"ucg/mL"
8859,"g/ml"
8862,"mosm/k"
8865,"munit/mL"
8873,"logcpy/mL"
8876,"mm_hg"
8881,"nmol_BCE/L"
8891,"M/cmm"
8891,"m/mmx3"
8903,"K/cmm"
8903,"k/cmm3"
8903,"K/cmm^3"
8903,"k/cumm"
8903,"K/MM"
8903,"k/mm-3"
8903,"k/mm^3"
8906,"ug/24h"
8906,"ug/24_hr"
8910,"mmol/24h"
8923,"iu/L"
8930,"mil/min"
8931,"10-6/mm3"
8931,"106/mm3"
8931,"10^6/CMM"
8931,"10^6/mm3"
8931,"10^6/mm^3"
8931,"10^6cmm"
8931,"MIL/MM"
8931,"mil/mm3"
8931,"mill/cumm"
8931,"mill/mm3"
8931,"x1000000/mm^3"
8931,"X106/mm"
8931,"x10^6/mm3"
8931,"x10^6mm3"
8950,"G/DL_(CALC)"
8961,"/cmm"
8961,"10*3/mm"
8961,"1000/cumm"
8961,"103/mmm"
8961,"103/mm3"
8961,"10^3/CMM"
8961,"10^3/mmm"
8961,"10^3/mm3"
8961,"10^3/mm^3"
8961,"10^3mm^3"
8961,"K/CMM"
8961,"th/cmm"
8961,"TH/CUMM"
8961,"Th/mm3"
8961,"thou/cmm"
8961,"thou/cumm"
8961,"thou/mm"
8961,"thou/mm3"
8961,"thous/mm3"
8961,"x1000/mm3"
8961,"x1000/mm^3"
8961,"X10^3/mm3"
8961,"x10^3/mm3"
8961,"x10^3/mm^3"
8985,"IntUnits/mL"
8990,"ug/mLFEU"
8991,"mosm/KgH2O"
8991,"mosm/Kg_H2"
8991,"mosm/Kg_H2O"
8993,"nmol/hr/mg"
9014,"ug/g_cre"
9014,"ug/g_Creat"
9017,"mg/gCR"
9017,"mg/g_Cre"
9017,"mg/g_creat"
9017,"mg/g_crt"
9019,"mmol/mol_Cr"
9028,"mg/dL_(calc)"
9031,"U/10E12_RBC"
9040,"MILLIINTERNATIO"
9074,"mg/gm_Cr"
9083,"Units/mLRBC"
9084,"log10/IU/ml"
9084,"log10iu/ml"
9084,"Log_IU/mL"
9096,"log10IU/mL"
9113,"ng/mL_RBC"
9114,"nM_BCE/mM_Cr"
9114,"nM_BCE/mM_creat"
9117,"mil/min/1.73"
9117,"mL/min_X_1.73m2"
9148,"pmol/8x10(8)RBC"
9157,"GPL_U/mL"
9213,"/100_WBC"
9226,"%_hemolysis"
9424,"CH50_Units"
9436,"10^3/ml"
9436,"TH/ML"
9436,"tho/mcl"
9436,"thou/mL"
9436,"thou/moL"
9436,"x10*3/ml"
9436,"x103/ml"
9436,"X10e3/ml"
9436,"x10^3/mL"
9444,"10E9/L"
9444,"bil/L"
9444,"x10^9/L"
9445,"mil/ml"
9484,"deg"
9497,"fm"
9575,"mmol/d"
9577,"mmol/Kg"
9591,"mosm/L"
9606,"nl"
9609,"nmol/g"
9609,"nmol/gm"
9610,"nmol/g_CRT"
9611,"nmol/mg_prot/h"
9661,"U/gHb"
9665,"U_L"
9666,"uM"
9667,"umol"
9670,"umol/m"
9675,"umol/mol_CRT"
4041838,"hrs"
4117638,"mEq/24_hr"
4117642,"CEL/UL"
4117659,"uU/ml"
4117660,"mU/L"
4117825,"pg/cell"
4117839,"IUI/mL"
4117970,"unit/L"
4117974,"L/week"
4118169,"U/g_Hb"
4118305,"unit/mL"
4120712,"OD_units"
4121526,"mmol/day"
4122502,"mg/24_h"
4124432,"CPM"
4124445,"M/ml"
4124449,"g/24_hr"
4141208,"IU/DL"
4167884,"unit/gm_Hb"
4168357,"MPS"
4170408,"mL/MIN/SSA"
4170419,"mg/mmol_Cr"
4170749,"gm/gm"
4186259,"mcg/24hr"
4186259,"mcg/24_h"
4186259,"mcg/day"
4186260,"mcg/mg_creat"
4189497,"mU/g"
4212214,"mcmol/mol"
4213116,"g/kg/day"
4218803,"Vial(s)"
4218803,"vials"
4288404,"u/m3"
4288404,"uM3"
4288404,"um^-3"
4303381,"mcg/ml_FEU"
4303648,"log10_IU/mL"
4303648,"logIU/mL"
4303648,"log_IU/mL"
4303654,"1000/mcL"
4303654,"THO/MCL"
4303654,"thou/mcl"
4303654,"thous/mcl"
4303654,"x10'3/mcL"
4303654,"x103/mcL"
4304247,"10(6)/mcL"
4304247,"mil/mcL"
4304247,"mill/mcL"
4304247,"x10'6/mcL"
4304247,"x10^6/mc/L"
4304247,"x10^6/mcL"
4305035,"mOsm/Kg_H2O"
4305036,"mcg/spec"
44777531,"m3"
44777555,"%_(calc)"
44777563,"FIU"
44777588,"10x9cells/L"
